Product name,Price,Image URL,Scroll batch,SKU,Short description,Product URL
Chaz Kangeroo Hoodie,$52,https://scrapingcourse.com/ecommerce/wp-content/uploads/2024/03/mh01-gray_main.jpg,0,MH01,This is a variable product called a Chaz Kangeroo Hoodie,https://scrapingcourse.com/ecommerce/product/chaz-kangeroo-hoodie
Teton Pullover Hoodie,$70,https://scrapingcourse.com/ecommerce/wp-content/uploads/2024/03/mh02-black_main.jpg,0,MH02,This is a variable product called a Teton Pullover Hoodie,https://scrapingcourse.com/ecommerce/product/teton-pullover-hoodie
Bruno Compete Hoodie,$63,https://scrapingcourse.com/ecommerce/wp-content/uploads/2024/03/mh03-black_main.jpg,0,MH03,This is a variable product called a Bruno Compete Hoodie,https://scrapingcourse.com/ecommerce/product/bruno-compete-hoodie
Frankie Sweatshirt,$60,https://scrapingcourse.com/ecommerce/wp-content/uploads/2024/03/mh04-green_main.jpg,0,MH04,This is a variable product called a Frankie  Sweatshirt,https://scrapingcourse.com/ecommerce/product/frankie--sweatshirt
Hollister Backyard Sweatshirt,$52,https://scrapingcourse.com/ecommerce/wp-content/uploads/2024/03/mh05-white_main.jpg,0,MH05,This is a variable product called a Hollister Backyard Sweatshirt,https://scrapingcourse.com/ecommerce/product/hollister-backyard-sweatshirt
Stark Fundamental Hoodie,$42,https://scrapingcourse.com/ecommerce/wp-content/uploads/2024/03/mh06-blue_main.jpg,0,MH06,This is a variable product called a Stark Fundamental Hoodie,https://scrapingcourse.com/ecommerce/product/stark-fundamental-hoodie
Hero Hoodie,$54,https://scrapingcourse.com/ecommerce/wp-content/uploads/2024/03/mh07-gray_main.jpg,0,MH07,This is a variable product called a Hero Hoodie,https://scrapingcourse.com/ecommerce/product/hero-hoodie
Oslo Trek Hoodie,$42,https://scrapingcourse.com/ecommerce/wp-content/uploads/2024/03/mh08-brown_main.jpg,0,MH08,This is a variable product called a Oslo Trek Hoodie,https://scrapingcourse.com/ecommerce/product/oslo-trek-hoodie
Abominable Hoodie,$69,https://scrapingcourse.com/ecommerce/wp-content/uploads/2024/03/mh09-blue_main.jpg,0,MH09,This is a variable product called a Abominable Hoodie,https://scrapingcourse.com/ecommerce/product/abominable-hoodie
Mach Street Sweatshirt,$62,https://scrapingcourse.com/ecommerce/wp-content/uploads/2024/03/mh10-blue_main.jpg,0,MH10,This is a variable product called a Mach Street Sweatshirt,https://scrapingcourse.com/ecommerce/product/mach-street-sweatshirt
Grayson Crewneck Sweatshirt,$64,https://scrapingcourse.com/ecommerce/wp-content/uploads/2024/03/mh11-white_main.jpg,0,MH11,This is a variable product called a Grayson Crewneck Sweatshirt,https://scrapingcourse.com/ecommerce/product/grayson-crewneck-sweatshirt
Ajax Full-Zip Sweatshirt,$69,https://scrapingcourse.com/ecommerce/wp-content/uploads/2024/03/mh12-green_main.jpg,0,MH12,This is a variable product called a Ajax Full-Zip Sweatshirt,https://scrapingcourse.com/ecommerce/product/ajax-full-zip-sweatshirt
Marco Lightweight Active Hoodie,$74,https://scrapingcourse.com/ecommerce/wp-content/uploads/2024/03/mh13-blue_main.jpg,2,MH13,This is a variable product called a Marco Lightweight Active Hoodie,https://scrapingcourse.com/ecommerce/product/marco-lightweight-active-hoodie
Beaumont Summit Kit,$42,https://scrapingcourse.com/ecommerce/wp-content/uploads/2024/03/mj01-yellow_main.jpg,2,MJ01,This is a variable product called a Beaumont Summit Kit,https://scrapingcourse.com/ecommerce/product/beaumont-summit-kit
Hyperion Elements Jacket,$51,https://scrapingcourse.com/ecommerce/wp-content/uploads/2024/03/mj02-green_main.jpg,2,MJ02,This is a variable product called a Hyperion Elements Jacket,https://scrapingcourse.com/ecommerce/product/hyperion-elements-jacket
Montana Wind Jacket,$49,https://scrapingcourse.com/ecommerce/wp-content/uploads/2024/03/mj03-black_main.jpg,2,MJ03,This is a variable product called a Montana Wind Jacket,https://scrapingcourse.com/ecommerce/product/montana-wind-jacket
Kenobi Trail Jacket,$47,https://scrapingcourse.com/ecommerce/wp-content/uploads/2024/03/mj04-black_main.jpg,2,MJ04,This is a variable product called a Kenobi Trail Jacket,https://scrapingcourse.com/ecommerce/product/kenobi-trail-jacket
Jupiter All-Weather Trainer,$56.99,https://scrapingcourse.com/ecommerce/wp-content/uploads/2024/03/mj06-blue_main.jpg,2,MJ06,This is a variable product called a Jupiter All-Weather Trainer,https://scrapingcourse.com/ecommerce/product/jupiter-all-weather-trainer
Orion Two-Tone Fitted Jacket,$72,https://scrapingcourse.com/ecommerce/wp-content/uploads/2024/03/mj07-red_main.jpg,2,MJ07,This is a variable product called a Orion Two-Tone Fitted Jacket,https://scrapingcourse.com/ecommerce/product/orion-two-tone-fitted-jacket
Lando Gym Jacket,$99,https://scrapingcourse.com/ecommerce/wp-content/uploads/2024/03/mj08-gray_main.jpg,2,MJ08,This is a variable product called a Lando Gym Jacket,https://scrapingcourse.com/ecommerce/product/lando-gym-jacket
Taurus Elements Shell,$65,https://scrapingcourse.com/ecommerce/wp-content/uploads/2024/03/mj09-yellow_main.jpg,2,MJ09,This is a variable product called a Taurus Elements Shell,https://scrapingcourse.com/ecommerce/product/taurus-elements-shell
Mars HeatTech&trade; Pullover,$66,https://scrapingcourse.com/ecommerce/wp-content/uploads/2024/03/mj10-red_main.jpg,2,MJ10,This is a variable product called a Mars HeatTech™ Pullover,https://scrapingcourse.com/ecommerce/product/mars-heattech&trade;-pullover
Typhon Performance Fleece-lined Jacket,$60,https://scrapingcourse.com/ecommerce/wp-content/uploads/2024/03/mj11-black_main.jpg,3,MJ11,This is a variable product called a Typhon Performance Fleece-lined Jacket,https://scrapingcourse.com/ecommerce/product/typhon-performance-fleece-lined-jacket
Proteus Fitness Jackshirt,$45,https://scrapingcourse.com/ecommerce/wp-content/uploads/2024/03/mj12-orange_main.jpg,3,MJ12,This is a variable product called a Proteus Fitness Jackshirt,https://scrapingcourse.com/ecommerce/product/proteus-fitness-jackshirt
Caesar Warm-Up Pant,$35,https://scrapingcourse.com/ecommerce/wp-content/uploads/2024/03/mp01-gray_main.jpg,3,MP01,This is a variable product called a Caesar Warm-Up Pant,https://scrapingcourse.com/ecommerce/product/caesar-warm-up-pant
Viktor LumaTech&trade; Pant,$46,https://scrapingcourse.com/ecommerce/wp-content/uploads/2024/03/mp02-gray_main.jpg,3,MP02,This is a variable product called a Viktor LumaTech™ Pant,https://scrapingcourse.com/ecommerce/product/viktor-lumatech&trade;-pant
Geo Insulated Jogging Pant,$51,https://scrapingcourse.com/ecommerce/wp-content/uploads/2024/03/mp03-black_main.jpg,3,MP03,This is a variable product called a Geo Insulated Jogging Pant,https://scrapingcourse.com/ecommerce/product/geo-insulated-jogging-pant
Supernova Sport Pant,$45,https://scrapingcourse.com/ecommerce/wp-content/uploads/2024/03/mp04-gray_main.jpg,3,MP04,This is a variable product called a Supernova Sport Pant,https://scrapingcourse.com/ecommerce/product/supernova-sport-pant
Kratos Gym Pant,$57,https://scrapingcourse.com/ecommerce/wp-content/uploads/2024/03/mp05-blue_main.jpg,3,MP05,This is a variable product called a Kratos Gym Pant,https://scrapingcourse.com/ecommerce/product/kratos-gym-pant
Mithra Warmup Pant,$28,https://scrapingcourse.com/ecommerce/wp-content/uploads/2024/03/mp06-gray_main.jpg,3,MP06,This is a variable product called a Mithra Warmup Pant,https://scrapingcourse.com/ecommerce/product/mithra-warmup-pant
Thorpe Track Pant,$68,https://scrapingcourse.com/ecommerce/wp-content/uploads/2024/03/mp07-blue_main.jpg,3,MP07,This is a variable product called a Thorpe Track Pant,https://scrapingcourse.com/ecommerce/product/thorpe-track-pant
Zeppelin Yoga Pant,$82,https://scrapingcourse.com/ecommerce/wp-content/uploads/2024/03/mp08-green_main.jpg,3,MP08,This is a variable product called a Zeppelin Yoga Pant,https://scrapingcourse.com/ecommerce/product/zeppelin-yoga-pant
Livingston All-Purpose Tight,$75,https://scrapingcourse.com/ecommerce/wp-content/uploads/2024/03/mp09-blue_main.jpg,4,MP09,This is a variable product called a Livingston All-Purpose Tight,https://scrapingcourse.com/ecommerce/product/livingston-all-purpose-tight
Orestes Yoga Pant,$66,https://scrapingcourse.com/ecommerce/wp-content/uploads/2024/03/mp10-black_main.jpg,4,MP10,This is a variable product called a Orestes Yoga Pant,https://scrapingcourse.com/ecommerce/product/orestes-yoga-pant
Aether Gym Pant,$74,https://scrapingcourse.com/ecommerce/wp-content/uploads/2024/03/mp11-brown_main.jpg,4,MP11,This is a variable product called a Aether Gym Pant,https://scrapingcourse.com/ecommerce/product/aether-gym-pant
Cronus Yoga Pant,$48,https://scrapingcourse.com/ecommerce/wp-content/uploads/2024/03/mp12-black_main.jpg,4,MP12,This is a variable product called a Cronus Yoga Pant,https://scrapingcourse.com/ecommerce/product/cronus-yoga-pant
Aero Daily Fitness Tee,$24,https://scrapingcourse.com/ecommerce/wp-content/uploads/2024/03/ms01-blue_main.jpg,4,MS01,This is a variable product called a Aero Daily Fitness Tee,https://scrapingcourse.com/ecommerce/product/aero-daily-fitness-tee
Ryker LumaTech&trade; Tee (V-neck),$28,https://scrapingcourse.com/ecommerce/wp-content/uploads/2024/03/ms02-gray_main.jpg,4,MS02,This is a variable product called a Ryker LumaTech™ Tee (V-neck),https://scrapingcourse.com/ecommerce/product/ryker-lumatech&trade;-tee-(v-neck)
Balboa Persistence Tee,$29,https://scrapingcourse.com/ecommerce/wp-content/uploads/2024/03/ms03-black_main.jpg,4,MS03,This is a variable product called a Balboa Persistence Tee,https://scrapingcourse.com/ecommerce/product/balboa-persistence-tee
Gobi HeatTec&reg; Tee,$29,https://scrapingcourse.com/ecommerce/wp-content/uploads/2024/03/ms04-orange_main.jpg,4,MS04,This is a variable product called a Gobi HeatTec® Tee,https://scrapingcourse.com/ecommerce/product/gobi-heattec&reg;-tee
Helios EverCool&trade; Tee,$24,https://scrapingcourse.com/ecommerce/wp-content/uploads/2024/03/ms05-blue_main.jpg,4,MS05,This is a variable product called a Helios EverCool™ Tee,https://scrapingcourse.com/ecommerce/product/helios-evercool&trade;-tee
Zoltan Gym Tee,$29,https://scrapingcourse.com/ecommerce/wp-content/uploads/2024/03/ms06-blue_main.jpg,4,MS06,This is a variable product called a Zoltan Gym Tee,https://scrapingcourse.com/ecommerce/product/zoltan-gym-tee
Deion Long-Sleeve EverCool&trade; Tee,$39,https://scrapingcourse.com/ecommerce/wp-content/uploads/2024/03/ms07-green_main.jpg,5,MS07,This is a variable product called a Deion Long-Sleeve EverCool™ Tee,https://scrapingcourse.com/ecommerce/product/deion-long-sleeve-evercool&trade;-tee
Strike Endurance Tee,$39,https://scrapingcourse.com/ecommerce/wp-content/uploads/2024/03/ms08-black_main.jpg,5,MS08,This is a variable product called a Strike Endurance Tee,https://scrapingcourse.com/ecommerce/product/strike-endurance-tee
Ryker LumaTech&trade; Tee (Crew-neck),$32,https://scrapingcourse.com/ecommerce/wp-content/uploads/2024/03/ms09-blue_main.jpg,5,MS09,This is a variable product called a Ryker LumaTech™ Tee (Crew-neck),https://scrapingcourse.com/ecommerce/product/ryker-lumatech&trade;-tee-(crew-neck)
Logan HeatTec&reg; Tee,$24,https://scrapingcourse.com/ecommerce/wp-content/uploads/2024/03/ms10-blue_main.jpg,5,MS10,This is a variable product called a Logan  HeatTec® Tee,https://scrapingcourse.com/ecommerce/product/logan--heattec&reg;-tee
Atomic Endurance Running Tee (V-neck),$28,https://scrapingcourse.com/ecommerce/wp-content/uploads/2024/03/ms11-green_main.jpg,5,MS11,This is a variable product called a Atomic Endurance Running Tee (V-neck),https://scrapingcourse.com/ecommerce/product/atomic-endurance-running-tee-(v-neck)
Atomic Endurance Running Tee (Crew-Neck),$29,https://scrapingcourse.com/ecommerce/wp-content/uploads/2024/03/ms12-red_main.jpg,5,MS12,This is a variable product called a Atomic Endurance Running Tee (Crew-Neck),https://scrapingcourse.com/ecommerce/product/atomic-endurance-running-tee-(crew-neck)
Cobalt CoolTech&trade; Fitness Short,$44,https://scrapingcourse.com/ecommerce/wp-content/uploads/2024/03/msh01-blue_main.jpg,5,MSH01,This is a variable product called a Cobalt CoolTech™ Fitness Short,https://scrapingcourse.com/ecommerce/product/cobalt-cooltech&trade;-fitness-short
Apollo Running Short,$32.5,https://scrapingcourse.com/ecommerce/wp-content/uploads/2024/03/msh02-black_main.jpg,5,MSH02,This is a variable product called a Apollo Running Short,https://scrapingcourse.com/ecommerce/product/apollo-running-short
Meteor Workout Short,$32.5,https://scrapingcourse.com/ecommerce/wp-content/uploads/2024/03/msh03-blue_main.jpg,5,MSH03,This is a variable product called a Meteor Workout Short,https://scrapingcourse.com/ecommerce/product/meteor-workout-short
Torque Power Short,$32.5,https://scrapingcourse.com/ecommerce/wp-content/uploads/2024/03/msh04-gray_main.jpg,5,MSH04,This is a variable product called a Torque Power Short,https://scrapingcourse.com/ecommerce/product/torque-power-short
Hawkeye Yoga Short,$29,https://scrapingcourse.com/ecommerce/wp-content/uploads/2024/03/msh05-gray_main.jpg,6,MSH05,This is a variable product called a Hawkeye Yoga Short,https://scrapingcourse.com/ecommerce/product/hawkeye-yoga-short
Lono Yoga Short,$32,https://scrapingcourse.com/ecommerce/wp-content/uploads/2024/03/msh06-gray_main.jpg,6,MSH06,This is a variable product called a Lono Yoga Short,https://scrapingcourse.com/ecommerce/product/lono-yoga-short
Rapha Sports Short,$35,https://scrapingcourse.com/ecommerce/wp-content/uploads/2024/03/msh07-black_main.jpg,6,MSH07,This is a variable product called a Rapha  Sports Short,https://scrapingcourse.com/ecommerce/product/rapha--sports-short
Orestes Fitness Short,$35,https://scrapingcourse.com/ecommerce/wp-content/uploads/2024/03/msh08-black_main.jpg,6,MSH08,This is a variable product called a Orestes Fitness Short,https://scrapingcourse.com/ecommerce/product/orestes-fitness-short
Troy Yoga Short,$24,https://scrapingcourse.com/ecommerce/wp-content/uploads/2024/03/msh09-blue_main.jpg,6,MSH09,This is a variable product called a Troy Yoga Short,https://scrapingcourse.com/ecommerce/product/troy-yoga-short
Sol Active Short,$32,https://scrapingcourse.com/ecommerce/wp-content/uploads/2024/03/msh10-blue_main.jpg,6,MSH10,This is a variable product called a Sol Active Short,https://scrapingcourse.com/ecommerce/product/sol-active-short
Arcadio Gym Short,$20,https://scrapingcourse.com/ecommerce/wp-content/uploads/2024/03/msh11-blue_main.jpg,6,MSH11,This is a variable product called a Arcadio Gym Short,https://scrapingcourse.com/ecommerce/product/arcadio-gym-short
Pierce Gym Short,$27,https://scrapingcourse.com/ecommerce/wp-content/uploads/2024/03/msh12-red_main.jpg,6,MSH12,This is a variable product called a Pierce Gym Short,https://scrapingcourse.com/ecommerce/product/pierce-gym-short
Erikssen CoolTech&trade; Fitness Tank,$29,https://scrapingcourse.com/ecommerce/wp-content/uploads/2024/03/mt01-red_main.jpg,6,MT01,This is a variable product called a Erikssen CoolTech™ Fitness Tank,https://scrapingcourse.com/ecommerce/product/erikssen-cooltech&trade;-fitness-tank
Tristan Endurance Tank,$29,https://scrapingcourse.com/ecommerce/wp-content/uploads/2024/03/mt02-white_main.jpg,6,MT02,This is a variable product called a Tristan Endurance Tank,https://scrapingcourse.com/ecommerce/product/tristan-endurance-tank
Primo Endurance Tank,$29,https://scrapingcourse.com/ecommerce/wp-content/uploads/2024/03/mt03-red_main.jpg,7,MT03,This is a variable product called a Primo Endurance Tank,https://scrapingcourse.com/ecommerce/product/primo-endurance-tank
Helios Endurance Tank,$32,https://scrapingcourse.com/ecommerce/wp-content/uploads/2024/03/mt04-blue_main.jpg,7,MT04,This is a variable product called a Helios Endurance Tank,https://scrapingcourse.com/ecommerce/product/helios-endurance-tank
Rocco Gym Tank,$24,https://scrapingcourse.com/ecommerce/wp-content/uploads/2024/03/mt05-blue_main.jpg,7,MT05,This is a variable product called a Rocco Gym Tank,https://scrapingcourse.com/ecommerce/product/rocco-gym-tank
Vulcan Weightlifting Tank,$28,https://scrapingcourse.com/ecommerce/wp-content/uploads/2024/03/mt06-black_main.jpg,7,MT06,This is a variable product called a Vulcan Weightlifting Tank,https://scrapingcourse.com/ecommerce/product/vulcan-weightlifting-tank
Argus All-Weather Tank,$22,https://scrapingcourse.com/ecommerce/wp-content/uploads/2024/03/mt07-gray_main.jpg,7,MT07,This is a variable product called a Argus All-Weather Tank,https://scrapingcourse.com/ecommerce/product/argus-all-weather-tank
Sparta Gym Tank,$29,https://scrapingcourse.com/ecommerce/wp-content/uploads/2024/03/mt08-green_main.jpg,7,MT08,This is a variable product called a Sparta Gym Tank,https://scrapingcourse.com/ecommerce/product/sparta-gym-tank
Sinbad Fitness Tank,$29,https://scrapingcourse.com/ecommerce/wp-content/uploads/2024/03/mt09-blue_main.jpg,7,MT09,This is a variable product called a Sinbad Fitness Tank,https://scrapingcourse.com/ecommerce/product/sinbad-fitness-tank
Tiberius Gym Tank,$18,https://scrapingcourse.com/ecommerce/wp-content/uploads/2024/03/mt10-yellow_main.jpg,7,MT10,This is a variable product called a Tiberius Gym Tank,https://scrapingcourse.com/ecommerce/product/tiberius-gym-tank
Atlas Fitness Tank,$18,https://scrapingcourse.com/ecommerce/wp-content/uploads/2024/03/mt11-blue_main.jpg,7,MT11,This is a variable product called a Atlas Fitness Tank,https://scrapingcourse.com/ecommerce/product/atlas-fitness-tank
Cassius Sparring Tank,$18,https://scrapingcourse.com/ecommerce/wp-content/uploads/2024/03/mt12-blue_main.jpg,7,MT12,This is a variable product called a Cassius Sparring Tank,https://scrapingcourse.com/ecommerce/product/cassius-sparring-tank
Electra Bra Top,$39,https://scrapingcourse.com/ecommerce/wp-content/uploads/2024/03/wb01-gray_main.jpg,8,WB01,This is a variable product called a Electra Bra Top,https://scrapingcourse.com/ecommerce/product/electra-bra-top
Erica Evercool Sports Bra,$39,https://scrapingcourse.com/ecommerce/wp-content/uploads/2024/03/wb02-blue_main.jpg,8,WB02,This is a variable product called a Erica Evercool Sports Bra,https://scrapingcourse.com/ecommerce/product/erica-evercool-sports-bra
Celeste Sports Bra,$39,https://scrapingcourse.com/ecommerce/wp-content/uploads/2024/03/wb03-green_main.jpg,8,WB03,This is a variable product called a Celeste Sports Bra,https://scrapingcourse.com/ecommerce/product/celeste-sports-bra
Prima Compete Bra Top,$24,https://scrapingcourse.com/ecommerce/wp-content/uploads/2024/03/wb04-blue_main.jpg,8,WB04,This is a variable product called a Prima Compete Bra Top,https://scrapingcourse.com/ecommerce/product/prima-compete-bra-top
Lucia Cross-Fit Bra,$39,https://scrapingcourse.com/ecommerce/wp-content/uploads/2024/03/wb05-black_main.jpg,8,WB05,This is a variable product called a Lucia Cross-Fit Bra,https://scrapingcourse.com/ecommerce/product/lucia-cross-fit-bra
Mona Pullover Hoodlie,$57,https://scrapingcourse.com/ecommerce/wp-content/uploads/2024/03/wh01-green_main.jpg,8,WH01,This is a variable product called a Mona Pullover Hoodlie,https://scrapingcourse.com/ecommerce/product/mona-pullover-hoodlie
Hera Pullover Hoodie,$48,https://scrapingcourse.com/ecommerce/wp-content/uploads/2024/03/wh02-blue_main.jpg,8,WH02,This is a variable product called a Hera Pullover Hoodie,https://scrapingcourse.com/ecommerce/product/hera-pullover-hoodie
Autumn Pullie,$57,https://scrapingcourse.com/ecommerce/wp-content/uploads/2024/03/wh03-red_main.jpg,8,WH03,This is a variable product called a Autumn Pullie,https://scrapingcourse.com/ecommerce/product/autumn-pullie
Miko Pullover Hoodie,$69,https://scrapingcourse.com/ecommerce/wp-content/uploads/2024/03/wh04-blue_main.jpg,8,WH04,This is a variable product called a Miko Pullover Hoodie,https://scrapingcourse.com/ecommerce/product/miko-pullover-hoodie
Selene Yoga Hoodie,$42,https://scrapingcourse.com/ecommerce/wp-content/uploads/2024/03/wh05-white_main.jpg,8,WH05,This is a variable product called a Selene Yoga Hoodie,https://scrapingcourse.com/ecommerce/product/selene-yoga-hoodie
Daphne Full-Zip Hoodie,$59,https://scrapingcourse.com/ecommerce/wp-content/uploads/2024/03/wh06-purple_main.jpg,9,WH06,This is a variable product called a Daphne Full-Zip Hoodie,https://scrapingcourse.com/ecommerce/product/daphne-full-zip-hoodie
Phoebe Zipper Sweatshirt,$59,https://scrapingcourse.com/ecommerce/wp-content/uploads/2024/03/wh07-gray_main.jpg,9,WH07,This is a variable product called a Phoebe Zipper Sweatshirt,https://scrapingcourse.com/ecommerce/product/phoebe-zipper-sweatshirt
Cassia Funnel Sweatshirt,$48,https://scrapingcourse.com/ecommerce/wp-content/uploads/2024/03/wh08-white_main.jpg,9,WH08,This is a variable product called a Cassia Funnel Sweatshirt,https://scrapingcourse.com/ecommerce/product/cassia-funnel-sweatshirt
Ariel Roll Sleeve Sweatshirt,$39,https://scrapingcourse.com/ecommerce/wp-content/uploads/2024/03/wh09-purple_main.jpg,9,WH09,This is a variable product called a Ariel Roll Sleeve Sweatshirt,https://scrapingcourse.com/ecommerce/product/ariel-roll-sleeve-sweatshirt
Helena Hooded Fleece,$55,https://scrapingcourse.com/ecommerce/wp-content/uploads/2024/03/wh10-gray_main.jpg,9,WH10,This is a variable product called a Helena Hooded Fleece,https://scrapingcourse.com/ecommerce/product/helena-hooded-fleece
Eos V-Neck Hoodie,$54,https://scrapingcourse.com/ecommerce/wp-content/uploads/2024/03/wh11-blue_main.jpg,9,WH11,This is a variable product called a Eos V-Neck Hoodie,https://scrapingcourse.com/ecommerce/product/eos-v-neck-hoodie
Circe Hooded Ice Fleece,$68,https://scrapingcourse.com/ecommerce/wp-content/uploads/2024/03/wh12-gray_main.jpg,9,WH12,This is a variable product called a Circe Hooded Ice Fleece,https://scrapingcourse.com/ecommerce/product/circe-hooded-ice-fleece
Stellar Solar Jacket,$75,https://scrapingcourse.com/ecommerce/wp-content/uploads/2024/03/wj01-red_main.jpg,9,WJ01,This is a variable product called a Stellar Solar Jacket,https://scrapingcourse.com/ecommerce/product/stellar-solar-jacket
Josie Yoga Jacket,$56.25,https://scrapingcourse.com/ecommerce/wp-content/uploads/2024/03/wj02-gray_main.jpg,9,WJ02,This is a variable product called a Josie Yoga Jacket,https://scrapingcourse.com/ecommerce/product/josie-yoga-jacket
Augusta Pullover Jacket,$57,https://scrapingcourse.com/ecommerce/wp-content/uploads/2024/03/wj03-red_main.jpg,9,WJ03,This is a variable product called a Augusta Pullover Jacket,https://scrapingcourse.com/ecommerce/product/augusta-pullover-jacket
Ingrid Running Jacket,$84,https://scrapingcourse.com/ecommerce/wp-content/uploads/2024/03/wj04-white_main.jpg,10,WJ04,This is a variable product called a Ingrid Running Jacket,https://scrapingcourse.com/ecommerce/product/ingrid-running-jacket
Riona Full Zip Jacket,$60,https://scrapingcourse.com/ecommerce/wp-content/uploads/2024/03/wj05-brown_main.jpg,10,WJ05,This is a variable product called a Riona Full Zip Jacket,https://scrapingcourse.com/ecommerce/product/riona-full-zip-jacket
Juno Jacket,$77,https://scrapingcourse.com/ecommerce/wp-content/uploads/2024/03/wj06-purple_main.jpg,10,N/A,N/A,https://scrapingcourse.com/ecommerce/product/juno-jacket
Inez Full Zip Jacket,$59,https://scrapingcourse.com/ecommerce/wp-content/uploads/2024/03/wj07-purple_main.jpg,10,N/A,N/A,https://scrapingcourse.com/ecommerce/product/inez-full-zip-jacket
Adrienne Trek Jacket,$57,https://scrapingcourse.com/ecommerce/wp-content/uploads/2024/03/wj08-gray_main.jpg,10,WJ08,This is a variable product called a Adrienne Trek Jacket,https://scrapingcourse.com/ecommerce/product/adrienne-trek-jacket
Jade Yoga Jacket,$32,https://scrapingcourse.com/ecommerce/wp-content/uploads/2024/03/wj09-green_main.jpg,10,WJ09,This is a variable product called a Jade Yoga Jacket,https://scrapingcourse.com/ecommerce/product/jade-yoga-jacket
Nadia Elements Shell,$69,https://scrapingcourse.com/ecommerce/wp-content/uploads/2024/03/wj10-yellow_main.jpg,10,WJ10,This is a variable product called a Nadia Elements Shell,https://scrapingcourse.com/ecommerce/product/nadia-elements-shell
Neve Studio Dance Jacket,$69,https://scrapingcourse.com/ecommerce/wp-content/uploads/2024/03/wj11-blue_main.jpg,10,WJ11,This is a variable product called a Neve Studio Dance Jacket,https://scrapingcourse.com/ecommerce/product/neve-studio-dance-jacket
Olivia 1/4 Zip Light Jacket,$77,https://scrapingcourse.com/ecommerce/wp-content/uploads/2024/03/wj12-blue_main.jpg,10,N/A,N/A,https://scrapingcourse.com/ecommerce/product/olivia-1/4-zip-light-jacket
Karmen Yoga Pant,$39,https://scrapingcourse.com/ecommerce/wp-content/uploads/2024/03/wp01-gray_main.jpg,10,WP01,This is a variable product called a Karmen Yoga Pant,https://scrapingcourse.com/ecommerce/product/karmen-yoga-pant
Emma Leggings,$42,https://scrapingcourse.com/ecommerce/wp-content/uploads/2024/03/wp02-blue_main.jpg,11,N/A,N/A,https://scrapingcourse.com/ecommerce/product/emma-leggings
Ida Workout Parachute Pant,$48,https://scrapingcourse.com/ecommerce/wp-content/uploads/2024/03/wp03-blue_main.jpg,11,WP03,This is a variable product called a Ida Workout Parachute Pant,https://scrapingcourse.com/ecommerce/product/ida-workout-parachute-pant
Cora Parachute Pant,$75,https://scrapingcourse.com/ecommerce/wp-content/uploads/2024/03/wp04-blue_main.jpg,11,WP04,This is a variable product called a Cora Parachute Pant,https://scrapingcourse.com/ecommerce/product/cora-parachute-pant
Sahara Leggings,$75,https://scrapingcourse.com/ecommerce/wp-content/uploads/2024/03/wp05-gray_main.jpg,11,WP05,This is a variable product called a Sahara Leggings,https://scrapingcourse.com/ecommerce/product/sahara-leggings
Diana Tights,$59,https://scrapingcourse.com/ecommerce/wp-content/uploads/2024/03/wp06-black_main.jpg,11,WP06,This is a variable product called a Diana Tights,https://scrapingcourse.com/ecommerce/product/diana-tights
Aeon Capri,$48,https://scrapingcourse.com/ecommerce/wp-content/uploads/2024/03/wp07-black_main.jpg,11,WP07,This is a variable product called a Aeon Capri,https://scrapingcourse.com/ecommerce/product/aeon-capri
Bardot Capri,$48,https://scrapingcourse.com/ecommerce/wp-content/uploads/2024/03/wp08-black_main.jpg,11,WP08,This is a variable product called a Bardot Capri,https://scrapingcourse.com/ecommerce/product/bardot-capri
Carina Basic Capri,$51,https://scrapingcourse.com/ecommerce/wp-content/uploads/2024/03/wp09-black_main.jpg,11,WP09,This is a variable product called a Carina Basic Capri,https://scrapingcourse.com/ecommerce/product/carina-basic-capri
Daria Bikram Pant,$51,https://scrapingcourse.com/ecommerce/wp-content/uploads/2024/03/wp10-gray_main.jpg,11,WP10,This is a variable product called a Daria Bikram Pant,https://scrapingcourse.com/ecommerce/product/daria-bikram-pant
Sylvia Capri,$42,https://scrapingcourse.com/ecommerce/wp-content/uploads/2024/03/wp11-green_main.jpg,11,WP11,This is a variable product called a Sylvia Capri,https://scrapingcourse.com/ecommerce/product/sylvia-capri
Deirdre Relaxed-Fit Capri,$63,https://scrapingcourse.com/ecommerce/wp-content/uploads/2024/03/wp12-gray_main.jpg,12,WP12,This is a variable product called a Deirdre Relaxed-Fit Capri,https://scrapingcourse.com/ecommerce/product/deirdre-relaxed-fit-capri
Portia Capri,$49,https://scrapingcourse.com/ecommerce/wp-content/uploads/2024/03/wp13-orange_main.jpg,12,WP13,This is a variable product called a Portia Capri,https://scrapingcourse.com/ecommerce/product/portia-capri
Gwyn Endurance Tee,$24,https://scrapingcourse.com/ecommerce/wp-content/uploads/2024/03/ws01-black_main.jpg,12,WS01,This is a variable product called a Gwyn Endurance Tee,https://scrapingcourse.com/ecommerce/product/gwyn-endurance-tee
Gabrielle Micro Sleeve Top,$28,https://scrapingcourse.com/ecommerce/wp-content/uploads/2024/03/ws02-green_main.jpg,12,WS02,This is a variable product called a Gabrielle Micro Sleeve Top,https://scrapingcourse.com/ecommerce/product/gabrielle-micro-sleeve-top
Iris Workout Top,$29,https://scrapingcourse.com/ecommerce/wp-content/uploads/2024/03/ws03-red_main.jpg,12,WS03,This is a variable product called a Iris Workout Top,https://scrapingcourse.com/ecommerce/product/iris-workout-top
Layla Tee,$29,https://scrapingcourse.com/ecommerce/wp-content/uploads/2024/03/ws04-green_main.jpg,12,WS04,This is a variable product called a Layla Tee,https://scrapingcourse.com/ecommerce/product/layla-tee
Desiree Fitness Tee,$24,https://scrapingcourse.com/ecommerce/wp-content/uploads/2024/03/ws05-black_main.jpg,12,WS05,This is a variable product called a Desiree Fitness Tee,https://scrapingcourse.com/ecommerce/product/desiree-fitness-tee
Elisa EverCool&trade; Tee,$29,https://scrapingcourse.com/ecommerce/wp-content/uploads/2024/03/ws06-purple_main.jpg,12,WS06,This is a variable product called a Elisa EverCool™ Tee,https://scrapingcourse.com/ecommerce/product/elisa-evercool&trade;-tee
Juliana Short-Sleeve Tee,$42,https://scrapingcourse.com/ecommerce/wp-content/uploads/2024/03/ws07-black_main.jpg,12,WS07,This is a variable product called a Juliana Short-Sleeve Tee,https://scrapingcourse.com/ecommerce/product/juliana-short-sleeve-tee
Minerva LumaTech&trade; V-Tee,$32,https://scrapingcourse.com/ecommerce/wp-content/uploads/2024/03/ws08-blue_main.jpg,12,WS08,This is a variable product called a Minerva LumaTech™ V-Tee,https://scrapingcourse.com/ecommerce/product/minerva-lumatech&trade;-v-tee
Tiffany Fitness Tee,$28,https://scrapingcourse.com/ecommerce/wp-content/uploads/2024/03/ws09-blue_main.jpg,13,WS09,This is a variable product called a Tiffany Fitness Tee,https://scrapingcourse.com/ecommerce/product/tiffany-fitness-tee
Karissa V-Neck Tee,$32,https://scrapingcourse.com/ecommerce/wp-content/uploads/2024/03/ws10-red_main.jpg,13,WS10,This is a variable product called a Karissa V-Neck Tee,https://scrapingcourse.com/ecommerce/product/karissa-v-neck-tee
Diva Gym Tee,$32,https://scrapingcourse.com/ecommerce/wp-content/uploads/2024/03/ws11-yellow_main.jpg,13,WS11,This is a variable product called a Diva Gym Tee,https://scrapingcourse.com/ecommerce/product/diva-gym-tee
Radiant Tee,$22,https://scrapingcourse.com/ecommerce/wp-content/uploads/2024/03/ws12-orange_main.jpg,13,WS12,This is a variable product called a Radiant Tee,https://scrapingcourse.com/ecommerce/product/radiant-tee
Fiona Fitness Short,$29,https://scrapingcourse.com/ecommerce/wp-content/uploads/2024/03/wsh01-black_main.jpg,13,WSH01,This is a variable product called a Fiona Fitness Short,https://scrapingcourse.com/ecommerce/product/fiona-fitness-short
Maxima Drawstring Short,$28,https://scrapingcourse.com/ecommerce/wp-content/uploads/2024/03/wsh02-gray_main.jpg,13,WSH02,This is a variable product called a Maxima Drawstring Short,https://scrapingcourse.com/ecommerce/product/maxima-drawstring-short
Gwen Drawstring Bike Short,$50,https://scrapingcourse.com/ecommerce/wp-content/uploads/2024/03/wsh03-gray_main.jpg,13,WSH03,This is a variable product called a Gwen Drawstring Bike Short,https://scrapingcourse.com/ecommerce/product/gwen-drawstring-bike-short
Artemis Running Short,$45,https://scrapingcourse.com/ecommerce/wp-content/uploads/2024/03/wsh04-black_main.jpg,13,WSH04,This is a variable product called a Artemis Running Short,https://scrapingcourse.com/ecommerce/product/artemis-running-short
Bess Yoga Short,$28,https://scrapingcourse.com/ecommerce/wp-content/uploads/2024/03/wsh05-blue_main.jpg,13,WSH05,This is a variable product called a Bess Yoga Short,https://scrapingcourse.com/ecommerce/product/bess-yoga-short
Angel Light Running Short,$42,https://scrapingcourse.com/ecommerce/wp-content/uploads/2024/03/wsh06-gray_main.jpg,13,WSH06,This is a variable product called a Angel Light Running Short,https://scrapingcourse.com/ecommerce/product/angel-light-running-short
Echo Fit Compression Short,$24,https://scrapingcourse.com/ecommerce/wp-content/uploads/2024/03/wsh07-black_main.jpg,14,WSH07,This is a variable product called a Echo Fit Compression Short,https://scrapingcourse.com/ecommerce/product/echo-fit-compression-short
Sybil Running Short,$44,https://scrapingcourse.com/ecommerce/wp-content/uploads/2024/03/wsh08-purple_main.jpg,14,WSH08,This is a variable product called a Sybil Running Short,https://scrapingcourse.com/ecommerce/product/sybil-running-short
Mimi All-Purpose Short,$44,https://scrapingcourse.com/ecommerce/wp-content/uploads/2024/03/wsh09-gray_main.jpg,14,WSH09,This is a variable product called a Mimi All-Purpose Short,https://scrapingcourse.com/ecommerce/product/mimi-all-purpose-short
Ana Running Short,$40,https://scrapingcourse.com/ecommerce/wp-content/uploads/2024/03/wsh10-black_main.jpg,14,WSH10,This is a variable product called a Ana Running Short,https://scrapingcourse.com/ecommerce/product/ana-running-short
Ina Compression Short,$49,https://scrapingcourse.com/ecommerce/wp-content/uploads/2024/03/wsh11-blue_main.jpg,14,WSH11,This is a variable product called a Ina Compression Short,https://scrapingcourse.com/ecommerce/product/ina-compression-short
Erika Running Short,$49,https://scrapingcourse.com/ecommerce/wp-content/uploads/2024/03/wsh12-green_main.jpg,14,WSH12,This is a variable product called Erika Running Shorts,https://scrapingcourse.com/ecommerce/product/erika-running-short
Bella Tank,$29,https://scrapingcourse.com/ecommerce/wp-content/uploads/2024/03/wt01-blue_main.jpg,14,WT01,This is a variable product called a Bella Tank,https://scrapingcourse.com/ecommerce/product/bella-tank
Zoe Tank,$29,https://scrapingcourse.com/ecommerce/wp-content/uploads/2024/03/wt02-orange_main.jpg,14,WT02,This is a variable product called a Zoe Tank,https://scrapingcourse.com/ecommerce/product/zoe-tank
Nora Practice Tank,$39,https://scrapingcourse.com/ecommerce/wp-content/uploads/2024/03/wt03-red_main.jpg,14,WT03,This is a variable product called a Nora Practice Tank,https://scrapingcourse.com/ecommerce/product/nora-practice-tank
Nona Fitness Tank,$39,https://scrapingcourse.com/ecommerce/wp-content/uploads/2024/03/wt04-blue_main.jpg,14,WT04,This is a variable product called a Nona Fitness Tank,https://scrapingcourse.com/ecommerce/product/nona-fitness-tank
Leah Yoga Top,$39,https://scrapingcourse.com/ecommerce/wp-content/uploads/2024/03/wt05-purple_main.jpg,15,WT05,This is a variable product called a Leah Yoga Top,https://scrapingcourse.com/ecommerce/product/leah-yoga-top
Chloe Compete Tank,$39,https://scrapingcourse.com/ecommerce/wp-content/uploads/2024/03/wt06-blue_main.jpg,15,WT06,This is a variable product called a Chloe Compete Tank,https://scrapingcourse.com/ecommerce/product/chloe-compete-tank
Maya Tunic,$29,https://scrapingcourse.com/ecommerce/wp-content/uploads/2024/03/wt07-green_main.jpg,15,WT07,This is a variable product called a Maya Tunic,https://scrapingcourse.com/ecommerce/product/maya-tunic
Antonia Racer Tank,$34,https://scrapingcourse.com/ecommerce/wp-content/uploads/2024/03/wt08-black_main.jpg,15,WT08,This is a variable product called a Antonia Racer Tank,https://scrapingcourse.com/ecommerce/product/antonia-racer-tank
Breathe-Easy Tank,$34,https://scrapingcourse.com/ecommerce/wp-content/uploads/2024/03/wt09-white_main.jpg,15,WT09,This is a variable product called a Breathe-Easy Tank,https://scrapingcourse.com/ecommerce/product/breathe-easy-tank
